Workbook
Name Banques: Liste!$F$4:$F$8
Name Liste_Banques: 'Registre des Opérations'!$G$2:$G$6
Name Mode_de_paiement: Liste!$E$4:$E$7
Name Soldes_Initiaux: 'Registre des Opérations'!$H$2:$H$6

Sheet Tableau de Bord
A1: Mes comptes - Relevé Bancaire
A4: Solde des comptes en Franc CFA (BCEAO)
A5: Compte | B5: Banque - Solde rapproché | C5: Solde courant | D5: Ecart type constaté
A6: Compte BGFI | B6: =_xlfn.XLOOKUP(A6,'Registre des Opérations'!$G$2:$G$5,'Registre des Opérations'!$H$2:$H$5,0)+SUMIFS('Registre des Opérations'!I:I,'Registre des Opérations'!$C:$C,'Tableau de Bord'!A6,'Registre des Opérations'!$K:$K,"X")-SUMIFS('Registre des Opérations'!$H:$H,'Registre des Opérations'!$C:$C,'Tableau de Bord'!A6,'Registre des Opérations'!$K:$K,"X") -> 0 | C6: =_xlfn.XLOOKUP(A6,'Registre des Opérations'!$G$2:$G$5,'Registre des Opérations'!$H$2:$H$5,0)+SUMIF('Registre des Opérations'!$C:$C,'Tableau de Bord'!A6,'Registre des Opérations'!$I:$I)-SUMIF('Registre des Opérations'!$C:$C,'Tableau de Bord'!A6,'Registre des Opérations'!$H:$H) -> 0
A7: Compte BIIC | B7: =_xlfn.XLOOKUP(A7,'Registre des Opérations'!$G$2:$G$5,'Registre des Opérations'!$H$2:$H$5,0)+SUMIFS('Registre des Opérations'!I:I,'Registre des Opérations'!$C:$C,'Tableau de Bord'!A7,'Registre des Opérations'!$K:$K,"X")-SUMIFS('Registre des Opérations'!$H:$H,'Registre des Opérations'!$C:$C,'Tableau de Bord'!A7,'Registre des Opérations'!$K:$K,"X") -> 0 | C7: =_xlfn.XLOOKUP(A7,'Registre des Opérations'!$G$2:$G$5,'Registre des Opérations'!$H$2:$H$5,0)+SUMIF('Registre des Opérations'!$C:$C,'Tableau de Bord'!A7,'Registre des Opérations'!$I:$I)-SUMIF('Registre des Opérations'!$C:$C,'Tableau de Bord'!A7,'Registre des Opérations'!$H:$H) -> 0
A8: Compte ECOBANK | B8: =_xlfn.XLOOKUP(A8,'Registre des Opérations'!$G$2:$G$5,'Registre des Opérations'!$H$2:$H$5,0)+SUMIFS('Registre des Opérations'!I:I,'Registre des Opérations'!$C:$C,'Tableau de Bord'!A8,'Registre des Opérations'!$K:$K,"X")-SUMIFS('Registre des Opérations'!$H:$H,'Registre des Opérations'!$C:$C,'Tableau de Bord'!A8,'Registre des Opérations'!$K:$K,"X") -> 0 | C8: =_xlfn.XLOOKUP(A8,'Registre des Opérations'!$G$2:$G$5,'Registre des Opérations'!$H$2:$H$5,0)+SUMIF('Registre des Opérations'!$C:$C,'Tableau de Bord'!A8,'Registre des Opérations'!$I:$I)-SUMIF('Registre des Opérations'!$C:$C,'Tableau de Bord'!A8,'Registre des Opérations'!$H:$H) -> 0
A9: Espèces | B9: =_xlfn.XLOOKUP(A9,'Registre des Opérations'!$G$2:$G$5,'Registre des Opérations'!$H$2:$H$5,0)+SUMIFS('Registre des Opérations'!I:I,'Registre des Opérations'!$C:$C,'Tableau de Bord'!A9,'Registre des Opérations'!$K:$K,"X")-SUMIFS('Registre des Opérations'!$H:$H,'Registre des Opérations'!$C:$C,'Tableau de Bord'!A9,'Registre des Opérations'!$K:$K,"X") -> 0 | C9: =_xlfn.XLOOKUP(A9,'Registre des Opérations'!$G$2:$G$5,'Registre des Opérations'!$H$2:$H$5,0)+SUMIF('Registre des Opérations'!$C:$C,'Tableau de Bord'!A9,'Registre des Opérations'!$I:$I)-SUMIF('Registre des Opérations'!$C:$C,'Tableau de Bord'!A9,'Registre des Opérations'!$H:$H) -> 0
A10: Compte Atlantique Banque | B10: =_xlfn.XLOOKUP(A10,'Registre des Opérations'!$G$2:$G$5,'Registre des Opérations'!$H$2:$H$5,0)+SUMIFS('Registre des Opérations'!I:I,'Registre des Opérations'!$C:$C,'Tableau de Bord'!A10,'Registre des Opérations'!$K:$K,"X")-SUMIFS('Registre des Opérations'!$H:$H,'Registre des Opérations'!$C:$C,'Tableau de Bord'!A10,'Registre des Opérations'!$K:$K,"X") -> 0 | C10: =_xlfn.XLOOKUP(A10,'Registre des Opérations'!$G$2:$G$5,'Registre des Opérations'!$H$2:$H$5,0)+SUMIF('Registre des Opérations'!$C:$C,'Tableau de Bord'!A10,'Registre des Opérations'!$I:$I)-SUMIF('Registre des Opérations'!$C:$C,'Tableau de Bord'!A10,'Registre des Opérations'!$H:$H) -> 0
A11: Soldes finals : | B11: =SUM(B6:B10) -> 0 | C11: =SUM(C6:C10) -> 0 | D11: =SUM(D6:D10) -> 0
A13: Solde des comptes de passif en Franc CFA (BCEAO)
A14: Compte | B14: Solde rapproché | C14: Solde courant
A15: Compte de passif : | B15: 0 | C15: 0
A16: Solde final : | B16: =SUM(B15) -> 0 | C16: =SUM(C15) -> 0
A19: Comptes sous le solde autorisé
A20: Compte Atlantique Banque
A22: Comptes sous le solde minimal voulu
A23: Compte Atlantique Banque

Sheet Registre des Opérations
B1: Registre des Opérations & Relevé Bancaire
G2: Compte ECOBANK
G3: Compte BGFI
G4: Compte Atlantique Banque
G5: Compte BIIC
G6: Espèces
A7: Date | B7: Réf. Opération | C7: Compte Bancaire | D7: Libellé / Catégorie | E7: Description | F7: Mode de paiement | G7: N° Chèque | H7: Débit (-) | I7: Crédit (+) | J7: Solde Progressif | K7: Rapproché (X)
J8: =IFERROR(IF(C8="","",_xlfn.XLOOKUP(C8,$G$2:$G$6,$H$2:$H$6,0)+SUMIF(C$8:C8,C8,I$8:I8)-SUMIF(C$8:C8,C8,H$8:H8)),"")
J9: =IFERROR(IF(C9="","",_xlfn.XLOOKUP(C9,$G$2:$G$6,$H$2:$H$6,0)+SUMIF(C$8:C9,C9,I$8:I9)-SUMIF(C$8:C9,C9,H$8:H9)),"")
J10: =IFERROR(IF(C10="","",_xlfn.XLOOKUP(C10,$G$2:$G$6,$H$2:$H$6,0)+SUMIF(C$8:C10,C10,I$8:I10)-SUMIF(C$8:C10,C10,H$8:H10)),"")
J11: =IFERROR(IF(C11="","",_xlfn.XLOOKUP(C11,$G$2:$G$6,$H$2:$H$6,0)+SUMIF(C$8:C11,C11,I$8:I11)-SUMIF(C$8:C11,C11,H$8:H11)),"")
J12: =IFERROR(IF(C12="","",_xlfn.XLOOKUP(C12,$G$2:$G$6,$H$2:$H$6,0)+SUMIF(C$8:C12,C12,I$8:I12)-SUMIF(C$8:C12,C12,H$8:H12)),"")
J13: =IFERROR(IF(C13="","",_xlfn.XLOOKUP(C13,$G$2:$G$6,$H$2:$H$6,0)+SUMIF(C$8:C13,C13,I$8:I13)-SUMIF(C$8:C13,C13,H$8:H13)),"")
J14: =IFERROR(IF(C14="","",_xlfn.XLOOKUP(C14,$G$2:$G$6,$H$2:$H$6,0)+SUMIF(C$8:C14,C14,I$8:I14)-SUMIF(C$8:C14,C14,H$8:H14)),"")
J15: =IFERROR(IF(C15="","",_xlfn.XLOOKUP(C15,$G$2:$G$6,$H$2:$H$6,0)+SUMIF(C$8:C15,C15,I$8:I15)-SUMIF(C$8:C15,C15,H$8:H15)),"")
J16: =IFERROR(IF(C16="","",_xlfn.XLOOKUP(C16,$G$2:$G$6,$H$2:$H$6,0)+SUMIF(C$8:C16,C16,I$8:I16)-SUMIF(C$8:C16,C16,H$8:H16)),"")
J17: =IFERROR(IF(C17="","",_xlfn.XLOOKUP(C17,$G$2:$G$6,$H$2:$H$6,0)+SUMIF(C$8:C17,C17,I$8:I17)-SUMIF(C$8:C17,C17,H$8:H17)),"")
J18: =IFERROR(IF(C18="","",_xlfn.XLOOKUP(C18,$G$2:$G$6,$H$2:$H$6,0)+SUMIF(C$8:C18,C18,I$8:I18)-SUMIF(C$8:C18,C18,H$8:H18)),"")
J19: =IFERROR(IF(C19="","",_xlfn.XLOOKUP(C19,$G$2:$G$6,$H$2:$H$6,0)+SUMIF(C$8:C19,C19,I$8:I19)-SUMIF(C$8:C19,C19,H$8:H19)),"")
... J8000: =IFERROR(IF(C8000="","",_xlfn.XLOOKUP(C8000,$G$2:$G$6,$H$2:$H$6,0)+SUMIF(C$8:C8000,C8000,I$8:I8000)-SUMIF(C$8:C8000,C8000,H$8:H8000)),"")
J8001: =IF(C8001="","",_xlfn.XLOOKUP(C8001,$G$2:$G$5,$H$2:$H$5,0)+SUMIF(C$8:C8001,C8001,I$8:I8001)-SUMIF(C$8:C8001,C8001,H$8:H8001))
J8002: =IF(C8002="","",_xlfn.XLOOKUP(C8002,$G$2:$G$5,$H$2:$H$5,0)+SUMIF(C$8:C8002,C8002,I$8:I8002)-SUMIF(C$8:C8002,C8002,H$8:H8002))
J8003: =IF(C8003="","",_xlfn.XLOOKUP(C8003,$G$2:$G$5,$H$2:$H$5,0)+SUMIF(C$8:C8003,C8003,I$8:I8003)-SUMIF(C$8:C8003,C8003,H$8:H8003))
J8004: =IF(C8004="","",_xlfn.XLOOKUP(C8004,$G$2:$G$5,$H$2:$H$5,0)+SUMIF(C$8:C8004,C8004,I$8:I8004)-SUMIF(C$8:C8004,C8004,H$8:H8004))
J8005: =IF(C8005="","",_xlfn.XLOOKUP(C8005,$G$2:$G$5,$H$2:$H$5,0)+SUMIF(C$8:C8005,C8005,I$8:I8005)-SUMIF(C$8:C8005,C8005,H$8:H8005))
J8006: =IF(C8006="","",_xlfn.XLOOKUP(C8006,$G$2:$G$5,$H$2:$H$5,0)+SUMIF(C$8:C8006,C8006,I$8:I8006)-SUMIF(C$8:C8006,C8006,H$8:H8006))
J8007: =IF(C8007="","",_xlfn.XLOOKUP(C8007,$G$2:$G$5,$H$2:$H$5,0)+SUMIF(C$8:C8007,C8007,I$8:I8007)-SUMIF(C$8:C8007,C8007,H$8:H8007))
J8008: =IF(C8008="","",_xlfn.XLOOKUP(C8008,$G$2:$G$5,$H$2:$H$5,0)+SUMIF(C$8:C8008,C8008,I$8:I8008)-SUMIF(C$8:C8008,C8008,H$8:H8008))
J8009: =IF(C8009="","",_xlfn.XLOOKUP(C8009,$G$2:$G$5,$H$2:$H$5,0)+SUMIF(C$8:C8009,C8009,I$8:I8009)-SUMIF(C$8:C8009,C8009,H$8:H8009))
J8010: =IF(C8010="","",_xlfn.XLOOKUP(C8010,$G$2:$G$5,$H$2:$H$5,0)+SUMIF(C$8:C8010,C8010,I$8:I8010)-SUMIF(C$8:C8010,C8010,H$8:H8010))
J8011: =IF(C8011="","",_xlfn.XLOOKUP(C8011,$G$2:$G$5,$H$2:$H$5,0)+SUMIF(C$8:C8011,C8011,I$8:I8011)-SUMIF(C$8:C8011,C8011,H$8:H8011))
J8012: =IF(C8012="","",_xlfn.XLOOKUP(C8012,$G$2:$G$5,$H$2:$H$5,0)+SUMIF(C$8:C8012,C8012,I$8:I8012)-SUMIF(C$8:C8012,C8012,H$8:H8012))
... J24446: =IF(C24446="","",_xlfn.XLOOKUP(C24446,$G$2:$G$5,$H$2:$H$5,0)+SUMIF(C$8:C24446,C24446,I$8:I24446)-SUMIF(C$8:C24446,C24446,H$8:H24446))

Sheet Liste
E3: Mode de paiement | F3: Banques
E4: Virement | F4: Compte ECOBANK
E5: Prelèvement | F5: Compte Atlantique Banque
E6: Chèque | F6: Compte BGFI
E7: Caisse | F7: Compte BIIC
F8: Espèces
