Workbook

Sheet Synthese
A1: TABLEAU DE BORD — PAIEMENTS FOURNISSEURS
A3: INDICATEURS CLÉS | D3: FOURNISSEURS | E3: Poids Total déchargé | F3: Total Payé | G3: Statut Compte
A4: Total à Payer | B4: =Paiements!I58 -> 0 | E4: =IF(D4="","",SUMIF(Dechargement!C:C,D4,Dechargement!H:H)) | F4: =IF(D4="","",_xlfn.XLOOKUP(D4,Situation_Fournisseurs!B:B,Situation_Fournisseurs!$E:$E,"")) | G4: =IF(D4="","",_xlfn.XLOOKUP(D4,Situation_Fournisseurs!B:B,Situation_Fournisseurs!G:G,""))
A5: Total Payé | B5: =Paiements!J58 -> 0
A6: Reste à Payer | B6: =Paiements!K58 -> 0
A7: % Global Payé | B7: =IF(B4=0,0,B5/B4) -> 0 | E7: Montant Total à Payer | F7: Solde restant
E8: =IF(D4="","",_xlfn.XLOOKUP(D4,Situation_Fournisseurs!B:B,Situation_Fournisseurs!$D:$D,"")) | F8: =IF(D4="","",_xlfn.XLOOKUP(D4,Situation_Fournisseurs!B:B,Situation_Fournisseurs!$F:$F,""))
A10: COMMENT UTILISER CE FICHIER
A11: 1. Onglet DECHARGEMENT : à chaque arrivée de camion, notez le poids, le ticket pont, le camion. Cochez Contrôle OK = OUI avant de payer.
A12: 2. Onglet PAIEMENTS : saisissez la date, le fournisseur, le produit, le poids net, le prix. Le montant à payer se calcule. Indiquez le montant payé (case jaune).
A13: 3. Le Restant et le Statut se mettent à jour tout seuls (Payé / Partiel / En attente).
A14: 4. Onglet SITUATION_FOURNISSEURS : vue du compte de chaque fournisseur (total dû, payé, reste).
A15: 5. Onglet LISTES : ajoutez de nouveaux fournisseurs ou produits pour les listes déroulantes.
A16: 6. Onglet SYNTHESE : vue d'ensemble des totaux.
A18: NAP SARL — Suivi Paiements Fournisseurs — Fichier simple et professionnel

Sheet Paiements
A1: SUIVI DES PAIEMENTS FOURNISSEURS — NAP SARL
A2: Une ligne = un paiement (ou une livraison à payer). Le Restant se calcule automatiquement. Statut se met à jour selon le restant.
A4: N° | B4: Date | C4: Fournisseur | D4: Produit | E4: N° Camion | F4: N° Ticket Pont | G4: Poids Net (kg) | H4: Prix Unitaire | I4: Montant à Payer | J4: Montant Payé | K4: Restant | L4: Mode Paiement | M4: N° Pièce / Chèque | N4: Compte Bancaire | O4: Statut | P4: Description / Observations
A5: 1 | I5: =IF(OR(G5="",H5=""),"",G5*H5) | K5: =IF(I5="","",I5-IF(J5="",0,J5)) | O5: =IF(I5="","",IF(J5="", "En attente", IF(K5<=0, "Payé", IF(J5>0, "Partiel", "En attente"))))
A6: 2 | I6: =IF(OR(G6="",H6=""),"",G6*H6) | K6: =IF(I6="","",I6-IF(J6="",0,J6)) | O6: =IF(I6="","",IF(J6="", "En attente", IF(K6<=0, "Payé", IF(J6>0, "Partiel", "En attente"))))
A7: 3 | I7: =IF(OR(G7="",H7=""),"",G7*H7) | K7: =IF(I7="","",I7-IF(J7="",0,J7)) | O7: =IF(I7="","",IF(J7="", "En attente", IF(K7<=0, "Payé", IF(J7>0, "Partiel", "En attente"))))
A8: 4 | I8: =IF(OR(G8="",H8=""),"",G8*H8) | K8: =IF(I8="","",I8-IF(J8="",0,J8)) | O8: =IF(I8="","",IF(J8="", "En attente", IF(K8<=0, "Payé", IF(J8>0, "Partiel", "En attente"))))
A9: 5 | I9: =IF(OR(G9="",H9=""),"",G9*H9) | K9: =IF(I9="","",I9-IF(J9="",0,J9)) | O9: =IF(I9="","",IF(J9="", "En attente", IF(K9<=0, "Payé", IF(J9>0, "Partiel", "En attente"))))
A10: 6 | I10: =IF(OR(G10="",H10=""),"",G10*H10) | K10: =IF(I10="","",I10-IF(J10="",0,J10)) | O10: =IF(I10="","",IF(J10="", "En attente", IF(K10<=0, "Payé", IF(J10>0, "Partiel", "En attente"))))
A11: 7 | I11: =IF(OR(G11="",H11=""),"",G11*H11) | K11: =IF(I11="","",I11-IF(J11="",0,J11)) | O11: =IF(I11="","",IF(J11="", "En attente", IF(K11<=0, "Payé", IF(J11>0, "Partiel", "En attente"))))
A12: 8 | I12: =IF(OR(G12="",H12=""),"",G12*H12) | K12: =IF(I12="","",I12-IF(J12="",0,J12)) | O12: =IF(I12="","",IF(J12="", "En attente", IF(K12<=0, "Payé", IF(J12>0, "Partiel", "En attente"))))
A13: 9 | I13: =IF(OR(G13="",H13=""),"",G13*H13) | K13: =IF(I13="","",I13-IF(J13="",0,J13)) | O13: =IF(I13="","",IF(J13="", "En attente", IF(K13<=0, "Payé", IF(J13>0, "Partiel", "En attente"))))
A14: 10 | I14: =IF(OR(G14="",H14=""),"",G14*H14) | K14: =IF(I14="","",I14-IF(J14="",0,J14)) | O14: =IF(I14="","",IF(J14="", "En attente", IF(K14<=0, "Payé", IF(J14>0, "Partiel", "En attente"))))
A15: 11 | I15: =IF(OR(G15="",H15=""),"",G15*H15) | K15: =IF(I15="","",I15-IF(J15="",0,J15)) | O15: =IF(I15="","",IF(J15="", "En attente", IF(K15<=0, "Payé", IF(J15>0, "Partiel", "En attente"))))
A16: 12 | I16: =IF(OR(G16="",H16=""),"",G16*H16) | K16: =IF(I16="","",I16-IF(J16="",0,J16)) | O16: =IF(I16="","",IF(J16="", "En attente", IF(K16<=0, "Payé", IF(J16>0, "Partiel", "En attente"))))
... A54: 50 | I54: =IF(OR(G54="",H54=""),"",G54*H54) | K54: =IF(I54="","",I54-IF(J54="",0,J54)) | O54: =IF(I54="","",IF(J54="", "En attente", IF(K54<=0, "Payé", IF(J54>0, "Partiel", "En attente"))))
A56: LÉGENDE : Texte bleu = saisie manuelle | Jaune = Montant Payé (à remplir) | Gris = calcul automatique | Vert = Payé / Solde 0 | Rouge = Reste dû / En attente | Orange = Paiement partiel
A58: TOTAUX | G58: TOTAL → | I58: =SUMIF(I5:I54,">0") -> 0 | J58: =SUMIF(J5:J54,">0") -> 0 | K58: =SUMIF(K5:K54,">0") -> 0

Sheet Situation_Fournisseurs
B1: SITUATION PAR FOURNISSEUR — COMPTE FOURNISSEUR
B2: Cette feuille résume automatiquement la situation de chaque fournisseur à partir de l'onglet Paiements. Actualisez après chaque saisie (clic droit → Actualiser si besoin).
A4: Code Frs | B4: Fournisseur | C4: Nb Opérations | D4: Total à Payer | E4: Total Payé | F4: Reste à Payer | G4: Statut Compte | H4: % Payé
A5: FRS00001 | B5: TCHANIGA SAMSON | C5: =COUNTIF(Paiements!$C$5:$C$54,B5) -> 0 | D5: =SUMIF(Paiements!$C$5:$C$54,B5,Paiements!$I$5:$I$54) -> 0 | E5: =SUMIF(Paiements!$C$5:$C$54,B5,Paiements!$J$5:$J$54) -> 0 | F5: =D5-E5 -> 0 | G5: =IF(D5=0,"—",IF(F5<=0,"Soldé",IF(E5=0,"Impayé","Partiel"))) -> — | H5: =IF(D5=0,"",E5/D5)
A6: FRS00002 | B6: ISMAEL WASSIOU/ Mme ELISABETH | C6: =COUNTIF(Paiements!$C$5:$C$54,B6) -> 0 | D6: =SUMIF(Paiements!$C$5:$C$54,B6,Paiements!$I$5:$I$54) -> 0 | E6: =SUMIF(Paiements!$C$5:$C$54,B6,Paiements!$J$5:$J$54) -> 0 | F6: =D6-E6 -> 0 | G6: =IF(D6=0,"—",IF(F6<=0,"Soldé",IF(E6=0,"Impayé","Partiel"))) -> — | H6: =IF(D6=0,"",E6/D6)
A7: FRS00003 | B7: BADAROU SAID | C7: =COUNTIF(Paiements!$C$5:$C$54,B7) -> 0 | D7: =SUMIF(Paiements!$C$5:$C$54,B7,Paiements!$I$5:$I$54) -> 0 | E7: =SUMIF(Paiements!$C$5:$C$54,B7,Paiements!$J$5:$J$54) -> 0 | F7: =D7-E7 -> 0 | G7: =IF(D7=0,"—",IF(F7<=0,"Soldé",IF(E7=0,"Impayé","Partiel"))) -> — | H7: =IF(D7=0,"",E7/D7)
A8: FRS00004 | B8: ISMAEL WASSIOU | C8: =COUNTIF(Paiements!$C$5:$C$54,B8) -> 0 | D8: =SUMIF(Paiements!$C$5:$C$54,B8,Paiements!$I$5:$I$54) -> 0 | E8: =SUMIF(Paiements!$C$5:$C$54,B8,Paiements!$J$5:$J$54) -> 0 | F8: =D8-E8 -> 0 | G8: =IF(D8=0,"—",IF(F8<=0,"Soldé",IF(E8=0,"Impayé","Partiel"))) -> — | H8: =IF(D8=0,"",E8/D8)
A9: FRS00005 | B9: ALLASSANE MARWANE | C9: =COUNTIF(Paiements!$C$5:$C$54,B9) -> 0 | D9: =SUMIF(Paiements!$C$5:$C$54,B9,Paiements!$I$5:$I$54) -> 0 | E9: =SUMIF(Paiements!$C$5:$C$54,B9,Paiements!$J$5:$J$54) -> 0 | F9: =D9-E9 -> 0 | G9: =IF(D9=0,"—",IF(F9<=0,"Soldé",IF(E9=0,"Impayé","Partiel"))) -> — | H9: =IF(D9=0,"",E9/D9)
A10: FRS00006 | B10: VLAVONOU PIERRE | C10: =COUNTIF(Paiements!$C$5:$C$54,B10) -> 0 | D10: =SUMIF(Paiements!$C$5:$C$54,B10,Paiements!$I$5:$I$54) -> 0 | E10: =SUMIF(Paiements!$C$5:$C$54,B10,Paiements!$J$5:$J$54) -> 0 | F10: =D10-E10 -> 0 | G10: =IF(D10=0,"—",IF(F10<=0,"Soldé",IF(E10=0,"Impayé","Partiel"))) -> — | H10: =IF(D10=0,"",E10/D10)
A11: FRS00007 | B11: BRISSO BIO ALIDOU | C11: =COUNTIF(Paiements!$C$5:$C$54,B11) -> 0 | D11: =SUMIF(Paiements!$C$5:$C$54,B11,Paiements!$I$5:$I$54) -> 0 | E11: =SUMIF(Paiements!$C$5:$C$54,B11,Paiements!$J$5:$J$54) -> 0 | F11: =D11-E11 -> 0 | G11: =IF(D11=0,"—",IF(F11<=0,"Soldé",IF(E11=0,"Impayé","Partiel"))) -> — | H11: =IF(D11=0,"",E11/D11)
A12: FRS00008 | B12: HERVE KOBOLOU | C12: =COUNTIF(Paiements!$C$5:$C$54,B12) -> 0 | D12: =SUMIF(Paiements!$C$5:$C$54,B12,Paiements!$I$5:$I$54) -> 0 | E12: =SUMIF(Paiements!$C$5:$C$54,B12,Paiements!$J$5:$J$54) -> 0 | F12: =D12-E12 -> 0 | G12: =IF(D12=0,"—",IF(F12<=0,"Soldé",IF(E12=0,"Impayé","Partiel"))) -> — | H12: =IF(D12=0,"",E12/D12)
A13: FRS00009 | B13: GOUDO DOSSOU ROMAIN | C13: =COUNTIF(Paiements!$C$5:$C$54,B13) -> 0 | D13: =SUMIF(Paiements!$C$5:$C$54,B13,Paiements!$I$5:$I$54) -> 0 | E13: =SUMIF(Paiements!$C$5:$C$54,B13,Paiements!$J$5:$J$54) -> 0 | F13: =D13-E13 -> 0 | G13: =IF(D13=0,"—",IF(F13<=0,"Soldé",IF(E13=0,"Impayé","Partiel"))) -> — | H13: =IF(D13=0,"",E13/D13)
A14: FRS00010 | B14: COMLAN MAHOUSSE JOSPIN | C14: =COUNTIF(Paiements!$C$5:$C$54,B14) -> 0 | D14: =SUMIF(Paiements!$C$5:$C$54,B14,Paiements!$I$5:$I$54) -> 0 | E14: =SUMIF(Paiements!$C$5:$C$54,B14,Paiements!$J$5:$J$54) -> 0 | F14: =D14-E14 -> 0 | G14: =IF(D14=0,"—",IF(F14<=0,"Soldé",IF(E14=0,"Impayé","Partiel"))) -> — | H14: =IF(D14=0,"",E14/D14)
A15: FRS00011 | B15: CHIGBLO FERDINAND | C15: =COUNTIF(Paiements!$C$5:$C$54,B15) -> 0 | D15: =SUMIF(Paiements!$C$5:$C$54,B15,Paiements!$I$5:$I$54) -> 0 | E15: =SUMIF(Paiements!$C$5:$C$54,B15,Paiements!$J$5:$J$54) -> 0 | F15: =D15-E15 -> 0 | G15: =IF(D15=0,"—",IF(F15<=0,"Soldé",IF(E15=0,"Impayé","Partiel"))) -> — | H15: =IF(D15=0,"",E15/D15)
A16: FRS00012 | B16: ROLAND ADANHONDJI | C16: =COUNTIF(Paiements!$C$5:$C$54,B16) -> 0 | D16: =SUMIF(Paiements!$C$5:$C$54,B16,Paiements!$I$5:$I$54) -> 0 | E16: =SUMIF(Paiements!$C$5:$C$54,B16,Paiements!$J$5:$J$54) -> 0 | F16: =D16-E16 -> 0 | G16: =IF(D16=0,"—",IF(F16<=0,"Soldé",IF(E16=0,"Impayé","Partiel"))) -> — | H16: =IF(D16=0,"",E16/D16)
... A66: FRS00062 | B66: ALEXANDRE | C66: =COUNTIF(Paiements!$C$5:$C$54,B66) -> 0 | D66: =SUMIF(Paiements!$C$5:$C$54,B66,Paiements!$I$5:$I$54) -> 0 | E66: =SUMIF(Paiements!$C$5:$C$54,B66,Paiements!$J$5:$J$54) -> 0 | F66: =D66-E66 -> 0 | G66: =IF(D66=0,"—",IF(F66<=0,"Soldé",IF(E66=0,"Impayé","Partiel"))) -> — | H66: =IF(D66=0,"",E66/D66)
C67: =COUNTIF(Paiements!$C$5:$C$54,B67) -> 0 | D67: =SUMIF(Paiements!$C$5:$C$54,B67,Paiements!$I$5:$I$54) -> 0 | E67: =SUMIF(Paiements!$C$5:$C$54,B67,Paiements!$J$5:$J$54) -> 0 | F67: =D67-E67 -> 0 | G67: =IF(D67=0,"—",IF(F67<=0,"Soldé",IF(E67=0,"Impayé","Partiel"))) -> — | H67: =IF(D67=0,"",E67/D67)
C68: =COUNTIF(Paiements!$C$5:$C$54,B68) -> 0 | D68: =SUMIF(Paiements!$C$5:$C$54,B68,Paiements!$I$5:$I$54) -> 0 | E68: =SUMIF(Paiements!$C$5:$C$54,B68,Paiements!$J$5:$J$54) -> 0 | F68: =D68-E68 -> 0 | G68: =IF(D68=0,"—",IF(F68<=0,"Soldé",IF(E68=0,"Impayé","Partiel"))) -> — | H68: =IF(D68=0,"",E68/D68)
C69: =COUNTIF(Paiements!$C$5:$C$54,B69) -> 0 | D69: =SUMIF(Paiements!$C$5:$C$54,B69,Paiements!$I$5:$I$54) -> 0 | E69: =SUMIF(Paiements!$C$5:$C$54,B69,Paiements!$J$5:$J$54) -> 0 | F69: =D69-E69 -> 0 | G69: =IF(D69=0,"—",IF(F69<=0,"Soldé",IF(E69=0,"Impayé","Partiel"))) -> — | H69: =IF(D69=0,"",E69/D69)
C70: =COUNTIF(Paiements!$C$5:$C$54,B70) -> 0 | D70: =SUMIF(Paiements!$C$5:$C$54,B70,Paiements!$I$5:$I$54) -> 0 | E70: =SUMIF(Paiements!$C$5:$C$54,B70,Paiements!$J$5:$J$54) -> 0 | F70: =D70-E70 -> 0 | G70: =IF(D70=0,"—",IF(F70<=0,"Soldé",IF(E70=0,"Impayé","Partiel"))) -> — | H70: =IF(D70=0,"",E70/D70)
C71: =COUNTIF(Paiements!$C$5:$C$54,B71) -> 0 | D71: =SUMIF(Paiements!$C$5:$C$54,B71,Paiements!$I$5:$I$54) -> 0 | E71: =SUMIF(Paiements!$C$5:$C$54,B71,Paiements!$J$5:$J$54) -> 0 | F71: =D71-E71 -> 0 | G71: =IF(D71=0,"—",IF(F71<=0,"Soldé",IF(E71=0,"Impayé","Partiel"))) -> — | H71: =IF(D71=0,"",E71/D71)
C72: =COUNTIF(Paiements!$C$5:$C$54,B72) -> 0 | D72: =SUMIF(Paiements!$C$5:$C$54,B72,Paiements!$I$5:$I$54) -> 0 | E72: =SUMIF(Paiements!$C$5:$C$54,B72,Paiements!$J$5:$J$54) -> 0 | F72: =D72-E72 -> 0 | G72: =IF(D72=0,"—",IF(F72<=0,"Soldé",IF(E72=0,"Impayé","Partiel"))) -> — | H72: =IF(D72=0,"",E72/D72)
C73: =COUNTIF(Paiements!$C$5:$C$54,B73) -> 0 | D73: =SUMIF(Paiements!$C$5:$C$54,B73,Paiements!$I$5:$I$54) -> 0 | E73: =SUMIF(Paiements!$C$5:$C$54,B73,Paiements!$J$5:$J$54) -> 0 | F73: =D73-E73 -> 0 | G73: =IF(D73=0,"—",IF(F73<=0,"Soldé",IF(E73=0,"Impayé","Partiel"))) -> — | H73: =IF(D73=0,"",E73/D73)
C74: =COUNTIF(Paiements!$C$5:$C$54,B74) -> 0 | D74: =SUMIF(Paiements!$C$5:$C$54,B74,Paiements!$I$5:$I$54) -> 0 | E74: =SUMIF(Paiements!$C$5:$C$54,B74,Paiements!$J$5:$J$54) -> 0 | F74: =D74-E74 -> 0 | G74: =IF(D74=0,"—",IF(F74<=0,"Soldé",IF(E74=0,"Impayé","Partiel"))) -> — | H74: =IF(D74=0,"",E74/D74)
C75: =COUNTIF(Paiements!$C$5:$C$54,B75) -> 0 | D75: =SUMIF(Paiements!$C$5:$C$54,B75,Paiements!$I$5:$I$54) -> 0 | E75: =SUMIF(Paiements!$C$5:$C$54,B75,Paiements!$J$5:$J$54) -> 0 | F75: =D75-E75 -> 0 | G75: =IF(D75=0,"—",IF(F75<=0,"Soldé",IF(E75=0,"Impayé","Partiel"))) -> — | H75: =IF(D75=0,"",E75/D75)
C76: =COUNTIF(Paiements!$C$5:$C$54,B76) -> 0 | D76: =SUMIF(Paiements!$C$5:$C$54,B76,Paiements!$I$5:$I$54) -> 0 | E76: =SUMIF(Paiements!$C$5:$C$54,B76,Paiements!$J$5:$J$54) -> 0 | F76: =D76-E76 -> 0 | G76: =IF(D76=0,"—",IF(F76<=0,"Soldé",IF(E76=0,"Impayé","Partiel"))) -> — | H76: =IF(D76=0,"",E76/D76)
C77: =COUNTIF(Paiements!$C$5:$C$54,B77) -> 0 | D77: =SUMIF(Paiements!$C$5:$C$54,B77,Paiements!$I$5:$I$54) -> 0 | E77: =SUMIF(Paiements!$C$5:$C$54,B77,Paiements!$J$5:$J$54) -> 0 | F77: =D77-E77 -> 0 | G77: =IF(D77=0,"—",IF(F77<=0,"Soldé",IF(E77=0,"Impayé","Partiel"))) -> — | H77: =IF(D77=0,"",E77/D77)
C78: =COUNTIF(Paiements!$C$5:$C$54,B78) -> 0 | D78: =SUMIF(Paiements!$C$5:$C$54,B78,Paiements!$I$5:$I$54) -> 0 | E78: =SUMIF(Paiements!$C$5:$C$54,B78,Paiements!$J$5:$J$54) -> 0 | F78: =D78-E78 -> 0 | G78: =IF(D78=0,"—",IF(F78<=0,"Soldé",IF(E78=0,"Impayé","Partiel"))) -> — | H78: =IF(D78=0,"",E78/D78)
... C81: =COUNTIF(Paiements!$C$5:$C$54,B81) -> 0 | D81: =SUMIF(Paiements!$C$5:$C$54,B81,Paiements!$I$5:$I$54) -> 0 | E81: =SUMIF(Paiements!$C$5:$C$54,B81,Paiements!$J$5:$J$54) -> 0 | F81: =D81-E81 -> 0 | G81: =IF(D81=0,"—",IF(F81<=0,"Soldé",IF(E81=0,"Impayé","Partiel"))) -> — | H81: =IF(D81=0,"",E81/D81)
B82: TOTAL GÉNÉRAL | D82: =SUM(D5:D22) -> 0 | E82: =SUM(E5:E22) -> 0 | F82: =SUM(F5:F22) -> 0
B84: Comment lire : Soldé = tout est payé | Partiel = un acompte a été versé | Impayé = rien n'a encore été payé | Rouge sur Reste = somme encore due

Sheet Dechargement
A1: FEUILLE DE DÉCHARGEMENT — VÉRIFICATION AVANT PAIEMENT
A2: Remplir cette feuille à chaque arrivée de camion. Elle sert de preuve pour valider le paiement fournisseur.
A4: N° | B4: Date Déchargement | C4: Fournisseur | D4: Produit | E4: N° Camion | F4: N° Ticket Pont | G4: Poids Brut (kg) | H4: Poids Net (kg) | I4: Nbre Sacs | J4: Prix Unitaire | K4: Montant Calculé | L4: Contrôle OK ? | M4: Observations
A5: 1 | K5: =IF(OR(H5="",J5=""),"",H5*J5)
A6: 2 | K6: =IF(OR(H6="",J6=""),"",H6*J6)
A7: 3 | K7: =IF(OR(H7="",J7=""),"",H7*J7)
A8: 4 | K8: =IF(OR(H8="",J8=""),"",H8*J8)
A9: 5 | K9: =IF(OR(H9="",J9=""),"",H9*J9)
A10: 6 | K10: =IF(OR(H10="",J10=""),"",H10*J10)
A11: 7 | K11: =IF(OR(H11="",J11=""),"",H11*J11)
A12: 8 | K12: =IF(OR(H12="",J12=""),"",H12*J12)
A13: 9 | K13: =IF(OR(H13="",J13=""),"",H13*J13)
A14: 10 | K14: =IF(OR(H14="",J14=""),"",H14*J14)
A15: 11 | K15: =IF(OR(H15="",J15=""),"",H15*J15)
A16: 12 | K16: =IF(OR(H16="",J16=""),"",H16*J16)
... A34: 30 | K34: =IF(OR(H34="",J34=""),"",H34*J34)
A36: LÉGENDE : Colonnes bleues = saisie | Colonne grise = calcul automatique | Vert = OK | Rouge = Problème | Orange = À vérifier

Sheet Listes
B1: LISTES DE RÉFÉRENCE
A2: Code | B2: Fournisseurs | C2: Produits | D2: Comptes Bancaires | E2: Modes Paiement | F2: Statuts | G2: Domaines
A3: FRS0001 | B3: TCHANIGA SAMSON | C3: Shea Nut (Noir de Karité) | D3: ECOBANK | E3: Chèque | F3: Payé | G3: ACHAT
A4: FRS0002 | B4: ISMAEL WASSIOU | C4: Cotton Seed (Graines de Coton) | D4: BIIC | E4: Virement | F4: Partiel | G4: LOGISTIQUE
A5: FRS0003 | B5: BADAROU SAID | C5: Soja Bean (Graines de Soja) | D5: BGFI | E5: Espèces | F5: En attente | G5: PRODUCTION
A6: FRS0004 | B6: ALLASSANE MARWANE | D6: Atlantique Banque | E6: Prélèvement | F6: Annulé | G6: FRAIS BANCAIRES
A7: FRS0005 | B7: VLAVONOU PIERRE | D7: Caisse | F7: Surplus | G7: AUTRE
A8: FRS0006 | B8: GBAGBE MATHIAS
A9: FRS0007 | B9: YENAFO Moise
A10: FRS0008 | B10: SEYNI Yacouba Hassane
A11: FRS0009 | B11: AMINOU Kiki
A12: FRS0010 | B12: MAKITA Fred Junior
A13: FRS0011 | B13: AHEGNI Hippolyte
A14: FRS0012 | B14: OSSENI Abou Sams-Dine
A15: FRS0013 | B15: AZOGA Armand
A16: FRS0014 | B16: BADJOGOUN Eveline Nestorine
A17: FRS0015 | B17: HAMA Inter
A18: FRS0016 | B18: SBTC
A19: FRS0017 | B19: IDRISSOU Aphissou
A21: FRS0018 | B21: ABDULSALAM Olakunleabdul Jelil
B23: Instructions : Ajoutez de nouveaux fournisseurs, produits, etc. dans les colonnes ci-dessus. Les listes déroulantes se mettront à jour.
